Country Name,Country Code,Classification Name,Classification Code,Series Name,Series Code,2011 [YR2011],2012 [YR2012],2013 [YR2013],2014 [YR2014],2015 [YR2015],2016 [YR2016],2017 [YR2017]
Afghanistan,AFG,Price level index (World = 100),PX.WL,9080000:ACTUAL HEALTH,9080000,..,..,..,..,..,..,..
Albania,ALB,Price level index (World = 100),PX.WL,9080000:ACTUAL HEALTH,9080000,23.9001154240928,..,..,..,..,..,24.1743633848978
Algeria,DZA,Price level index (World = 100),PX.WL,9080000:ACTUAL HEALTH,9080000,28.4555260718871,..,..,..,..,..,33.2001354299455
American Samoa,ASM,Price level index (World = 100),PX.WL,9080000:ACTUAL HEALTH,9080000,..,..,..,..,..,..,..
Angola,AGO,Price level index (World = 100),PX.WL,9080000:ACTUAL HEALTH,9080000,81.8567588713327,..,..,..,..,..,81.2388621273431
Anguilla,AIA,Price level index (World = 100),PX.WL,9080000:ACTUAL HEALTH,9080000,79.6244568822614,..,..,..,..,..,125.010684901772
Antigua and Barbuda,ATG,Price level index (World = 100),PX.WL,9080000:ACTUAL HEALTH,9080000,59.4811334994585,..,..,..,..,..,95.3162525868492
Argentina,ARG,Price level index (World = 100),PX.WL,9080000:ACTUAL HEALTH,9080000,..,..,..,..,..,..,67.491076562914
Armenia,ARM,Price level index (World = 100),PX.WL,9080000:ACTUAL HEALTH,9080000,33.5439712181645,..,..,..,..,..,33.2372706876189
Aruba,ABW,Price level index (World = 100),PX.WL,9080000:ACTUAL HEALTH,9080000,90.250651483312,..,..,..,..,..,106.777939855627
Australia,AUS,Price level index (World = 100),PX.WL,9080000:ACTUAL HEALTH,9080000,243.861621641818,..,..,..,..,..,163.441889391787
Austria,AUT,Price level index (World = 100),PX.WL,9080000:ACTUAL HEALTH,9080000,159.299565059024,..,..,..,..,..,136.979668581803
Azerbaijan,AZE,Price level index (World = 100),PX.WL,9080000:ACTUAL HEALTH,9080000,33.1300609662765,..,..,..,..,..,26.6816105957926
"Bahamas, The",BHS,Price level index (World = 100),PX.WL,9080000:ACTUAL HEALTH,9080000,118.013201046879,..,..,..,..,..,170.782893444365
Bahrain,BHR,Price level index (World = 100),PX.WL,9080000:ACTUAL HEALTH,9080000,72.5915199271004,..,..,..,..,..,78.1393617181942
Bangladesh,BGD,Price level index (World = 100),PX.WL,9080000:ACTUAL HEALTH,9080000,23.1003799709246,..,..,..,..,..,33.0886973119843
Barbados,BRB,Price level index (World = 100),PX.WL,9080000:ACTUAL HEALTH,9080000,117.839584264254,..,..,..,..,..,146.65643379816
Belarus,BLR,Price level index (World = 100),PX.WL,9080000:ACTUAL HEALTH,9080000,23.1831764915573,..,..,..,..,..,26.8328965049311
Belgium,BEL,Price level index (World = 100),PX.WL,9080000:ACTUAL HEALTH,9080000,160.218186556562,..,..,..,..,..,128.344023464897
Belize,BLZ,Price level index (World = 100),PX.WL,9080000:ACTUAL HEALTH,9080000,63.0800855358364,..,..,..,..,..,76.5861745947613
Benin,BEN,Price level index (World = 100),PX.WL,9080000:ACTUAL HEALTH,9080000,42.4845052330908,..,..,..,..,..,42.6330893348846
Bermuda,BMU,Price level index (World = 100),PX.WL,9080000:ACTUAL HEALTH,9080000,200.98844981307,..,..,..,..,..,228.751953684165
Bhutan,BTN,Price level index (World = 100),PX.WL,9080000:ACTUAL HEALTH,9080000,28.021743149917,..,..,..,..,..,18.7117873688069
Bolivia,BOL,Price level index (World = 100),PX.WL,9080000:ACTUAL HEALTH,9080000,43.4542821869775,..,..,..,..,..,48.4792374807556
Bonaire,BON,Price level index (World = 100),PX.WL,9080000:ACTUAL HEALTH,9080000,..,..,..,..,..,..,..
Bosnia and Herzegovina,BIH,Price level index (World = 100),PX.WL,9080000:ACTUAL HEALTH,9080000,58.2008319074939,..,..,..,..,..,47.9089710477869
Botswana,BWA,Price level index (World = 100),PX.WL,9080000:ACTUAL HEALTH,9080000,42.3879403310908,..,..,..,..,..,48.2502970762463
Brazil,BRA,Price level index (World = 100),PX.WL,9080000:ACTUAL HEALTH,9080000,83.0453965315163,..,..,..,..,..,108.453090513969
Brunei Darussalam,BRN,Price level index (World = 100),PX.WL,9080000:ACTUAL HEALTH,9080000,61.3371648358717,..,..,..,..,..,68.667966100524
Bulgaria,BGR,Price level index (World = 100),PX.WL,9080000:ACTUAL HEALTH,9080000,34.795511252326,..,..,..,..,..,32.0259129396772
Burkina Faso,BFA,Price level index (World = 100),PX.WL,9080000:ACTUAL HEALTH,9080000,42.0867464380347,..,..,..,..,..,38.0652448891541
Burundi,BDI,Price level index (World = 100),PX.WL,9080000:ACTUAL HEALTH,9080000,26.6393812131528,..,..,..,..,..,43.177846073111
Cabo Verde,CPV,Price level index (World = 100),PX.WL,9080000:ACTUAL HEALTH,9080000,52.2680926369863,..,..,..,..,..,46.6734341859959
Cambodia,KHM,Price level index (World = 100),PX.WL,9080000:ACTUAL HEALTH,9080000,20.6488041461971,..,..,..,..,..,30.9498031207835
Cameroon,CMR,Price level index (World = 100),PX.WL,9080000:ACTUAL HEALTH,9080000,51.5661448533631,..,..,..,..,..,56.641786898909
Canada,CAN,Price level index (World = 100),PX.WL,9080000:ACTUAL HEALTH,9080000,183.687017501544,..,..,..,..,..,127.086670222683
Cayman Islands,CYM,Price level index (World = 100),PX.WL,9080000:ACTUAL HEALTH,9080000,189.719302128718,..,..,..,..,..,264.465476481067
Central African Republic,CAF,Price level index (World = 100),PX.WL,9080000:ACTUAL HEALTH,9080000,43.2592431272105,..,..,..,..,..,49.572018387238
Chad,TCD,Price level index (World = 100),PX.WL,9080000:ACTUAL HEALTH,9080000,44.5963941224144,..,..,..,..,..,51.5278384184979
Chile,CHL,Price level index (World = 100),PX.WL,9080000:ACTUAL HEALTH,9080000,87.5969471419104,..,..,..,..,..,94.720261058413
China,CHN,Price level index (World = 100),PX.WL,9080000:ACTUAL HEALTH,9080000,49.9131218258894,..,..,..,..,..,61.6387663751781
Colombia,COL,Price level index (World = 100),PX.WL,9080000:ACTUAL HEALTH,9080000,65.7641036561459,..,..,..,..,..,45.51084389495
Comoros,COM,Price level index (World = 100),PX.WL,9080000:ACTUAL HEALTH,9080000,49.1747153747293,..,..,..,..,..,45.0376852658037
"Congo, Dem. Rep.",COD,Price level index (World = 100),PX.WL,9080000:ACTUAL HEALTH,9080000,48.3525751323207,..,..,..,..,..,45.2198584896298
"Congo, Rep.",COG,Price level index (World = 100),PX.WL,9080000:ACTUAL HEALTH,9080000,51.5146025264903,..,..,..,..,..,54.2513161414154
Cook Islands,COK,Price level index (World = 100),PX.WL,9080000:ACTUAL HEALTH,9080000,..,..,..,..,..,..,..
Costa Rica,CRI,Price level index (World = 100),PX.WL,9080000:ACTUAL HEALTH,9080000,109.116512774973,..,..,..,..,..,131.921352404167
C�te d'Ivoire,CIV,Price level index (World = 100),PX.WL,9080000:ACTUAL HEALTH,9080000,37.9879131784636,..,..,..,..,..,62.7238899657101
Croatia,HRV,Price level index (World = 100),PX.WL,9080000:ACTUAL HEALTH,9080000,76.3733527358256,..,..,..,..,..,58.0807773190716
Cuba,CUB,Price level index (World = 100),PX.WL,9080000:ACTUAL HEALTH,9080000,..,..,..,..,..,..,..
Cura�ao,CUW,Price level index (World = 100),PX.WL,9080000:ACTUAL HEALTH,9080000,73.9522757877457,..,..,..,..,..,83.8617424792616
Cyprus,CYP,Price level index (World = 100),PX.WL,9080000:ACTUAL HEALTH,9080000,126.69303875195,..,..,..,..,..,109.911852318535
Czech Republic,CZE,Price level index (World = 100),PX.WL,9080000:ACTUAL HEALTH,9080000,72.633775155396,..,..,..,..,..,46.5401148927815
Denmark,DNK,Price level index (World = 100),PX.WL,9080000:ACTUAL HEALTH,9080000,176.693612885189,..,..,..,..,..,147.829203604115
Djibouti,DJI,Price level index (World = 100),PX.WL,9080000:ACTUAL HEALTH,9080000,63.1147983785118,..,..,..,..,..,78.9746672342776
Dominica,DMA,Price level index (World = 100),PX.WL,9080000:ACTUAL HEALTH,9080000,73.3676746385523,..,..,..,..,..,74.9197230691
Dominican Republic,DOM,Price level index (World = 100),PX.WL,9080000:ACTUAL HEALTH,9080000,52.16242612196,..,..,..,..,..,56.6157323594639
East Asia & Pacific (ICP),EAB,Price level index (World = 100),PX.WL,9080000:ACTUAL HEALTH,9080000,73.9139721662726,..,..,..,..,..,73.8178530339231
Ecuador,ECU,Price level index (World = 100),PX.WL,9080000:ACTUAL HEALTH,9080000,52.3603833498909,..,..,..,..,..,67.8768444986963
"Egypt, Arab Rep.",EGY,Price level index (World = 100),PX.WL,9080000:ACTUAL HEALTH,9080000,22.9765900271178,..,..,..,..,..,18.608279916135
El Salvador,SLV,Price level index (World = 100),PX.WL,9080000:ACTUAL HEALTH,9080000,54.9710944663452,..,..,..,..,..,59.6800255739797
Equatorial Guinea,GNQ,Price level index (World = 100),PX.WL,9080000:ACTUAL HEALTH,9080000,53.3007981650585,..,..,..,..,..,57.4639818165511
Eritrea,ERI,Price level index (World = 100),PX.WL,9080000:ACTUAL HEALTH,9080000,..,..,..,..,..,..,..
Estonia,EST,Price level index (World = 100),PX.WL,9080000:ACTUAL HEALTH,9080000,67.4889658799252,..,..,..,..,..,71.7984965941954
Eswatini,SWZ,Price level index (World = 100),PX.WL,9080000:ACTUAL HEALTH,9080000,44.0814953517259,..,..,..,..,..,73.3067604967229
Ethiopia,ETH,Price level index (World = 100),PX.WL,9080000:ACTUAL HEALTH,9080000,22.262275101194,..,..,..,..,..,29.8416618476772
Europe & Central Asia (ICP),ECB,Price level index (World = 100),PX.WL,9080000:ACTUAL HEALTH,9080000,115.433549293942,..,..,..,..,..,93.512360931039
Fiji,FJI,Price level index (World = 100),PX.WL,9080000:ACTUAL HEALTH,9080000,57.336073980295,..,..,..,..,..,49.0265462326591
Finland,FIN,Price level index (World = 100),PX.WL,9080000:ACTUAL HEALTH,9080000,156.698358618199,..,..,..,..,..,150.05151862247
France,FRA,Price level index (World = 100),PX.WL,9080000:ACTUAL HEALTH,9080000,146.510998198322,..,..,..,..,..,109.688396311481
French Polynesia,PYF,Price level index (World = 100),PX.WL,9080000:ACTUAL HEALTH,9080000,..,..,..,..,..,..,..
Gabon,GAB,Price level index (World = 100),PX.WL,9080000:ACTUAL HEALTH,9080000,65.5203593067495,..,..,..,..,..,64.9153932614212
"Gambia, The",GMB,Price level index (World = 100),PX.WL,9080000:ACTUAL HEALTH,9080000,24.3943194245506,..,..,..,..,..,35.3688298120328
Georgia,GEO,Price level index (World = 100),PX.WL,9080000:ACTUAL HEALTH,9080000,37.3425743660221,..,..,..,..,..,32.9693500772457
Germany,DEU,Price level index (World = 100),PX.WL,9080000:ACTUAL HEALTH,9080000,128.023115714496,..,..,..,..,..,112.666939413616
Ghana,GHA,Price level index (World = 100),PX.WL,9080000:ACTUAL HEALTH,9080000,30.059673856326,..,..,..,..,..,45.3616281640442
Greece,GRC,Price level index (World = 100),PX.WL,9080000:ACTUAL HEALTH,9080000,122.932611936192,..,..,..,..,..,95.1673459446408
Grenada,GRD,Price level index (World = 100),PX.WL,9080000:ACTUAL HEALTH,9080000,73.0903896267671,..,..,..,..,..,72.2223584248899
Guam,GUM,Price level index (World = 100),PX.WL,9080000:ACTUAL HEALTH,9080000,..,..,..,..,..,..,..
Guatemala,GTM,Price level index (World = 100),PX.WL,9080000:ACTUAL HEALTH,9080000,55.2588200245808,..,..,..,..,..,..
Guinea,GIN,Price level index (World = 100),PX.WL,9080000:ACTUAL HEALTH,9080000,28.6149606568423,..,..,..,..,..,47.2142593939786
Guinea-Bissau,GNB,Price level index (World = 100),PX.WL,9080000:ACTUAL HEALTH,9080000,37.3478092676437,..,..,..,..,..,38.5655294656596
Guyana,GUY,Price level index (World = 100),PX.WL,9080000:ACTUAL HEALTH,9080000,..,..,..,..,..,..,57.2140603380539
Haiti,HTI,Price level index (World = 100),PX.WL,9080000:ACTUAL HEALTH,9080000,43.7914474872661,..,..,..,..,..,55.2252776029651
Honduras,HND,Price level index (World = 100),PX.WL,9080000:ACTUAL HEALTH,9080000,66.3013121937649,..,..,..,..,..,79.3631045816062
"Hong Kong SAR, China",HKG,Price level index (World = 100),PX.WL,9080000:ACTUAL HEALTH,9080000,95.3576021699967,..,..,..,..,..,138.08969127127
Hungary,HUN,Price level index (World = 100),PX.WL,9080000:ACTUAL HEALTH,9080000,50.7287848062334,..,..,..,..,..,52.5928447316988
Iceland,ISL,Price level index (World = 100),PX.WL,9080000:ACTUAL HEALTH,9080000,149.268463965613,..,..,..,..,..,228.539467504596
India,IND,Price level index (World = 100),PX.WL,9080000:ACTUAL HEALTH,9080000,17.862229903047,..,..,..,..,..,24.6189133611592
Indonesia,IDN,Price level index (World = 100),PX.WL,9080000:ACTUAL HEALTH,9080000,42.6992721303209,..,..,..,..,..,34.0538093342838
"Iran, Islamic Rep.",IRN,Price level index (World = 100),PX.WL,9080000:ACTUAL HEALTH,9080000,27.6721273286295,..,..,..,..,..,35.5860682610494
Iraq,IRQ,Price level index (World = 100),PX.WL,9080000:ACTUAL HEALTH,9080000,45.5374294089286,..,..,..,..,..,60.8938032359841
Ireland,IRL,Price level index (World = 100),PX.WL,9080000:ACTUAL HEALTH,9080000,199.535829530598,..,..,..,..,..,177.695647341017
Israel,ISR,Price level index (World = 100),PX.WL,9080000:ACTUAL HEALTH,9080000,136.607052211596,..,..,..,..,..,186.295265195336
Italy,ITA,Price level index (World = 100),PX.WL,9080000:ACTUAL HEALTH,9080000,143.474266280665,..,..,..,..,..,135.985225284806
Jamaica,JAM,Price level index (World = 100),PX.WL,9080000:ACTUAL HEALTH,9080000,74.0110312890901,..,..,..,..,..,46.6665731009105
Japan,JPN,Price level index (World = 100),PX.WL,9080000:ACTUAL HEALTH,9080000,152.236608275223,..,..,..,..,..,122.844372767394
Jordan,JOR,Price level index (World = 100),PX.WL,9080000:ACTUAL HEALTH,9080000,36.3415625253316,..,..,..,..,..,49.8431548025059
Kazakhstan,KAZ,Price level index (World = 100),PX.WL,9080000:ACTUAL HEALTH,9080000,38.6449789067684,..,..,..,..,..,30.5512638178703
Kenya,KEN,Price level index (World = 100),PX.WL,9080000:ACTUAL HEALTH,9080000,32.1037532118735,..,..,..,..,..,41.1543086699807
Kiribati,KIR,Price level index (World = 100),PX.WL,9080000:ACTUAL HEALTH,9080000,..,..,..,..,..,..,..
"Korea, Rep.",KOR,Price level index (World = 100),PX.WL,9080000:ACTUAL HEALTH,9080000,68.9965139573758,..,..,..,..,..,78.791350386935
Kosovo,KSV,Price level index (World = 100),PX.WL,9080000:ACTUAL HEALTH,9080000,..,..,..,..,..,..,..
Kuwait,KWT,Price level index (World = 100),PX.WL,9080000:ACTUAL HEALTH,9080000,115.265608183285,..,..,..,..,..,97.4313724630838
Kyrgyzstan,KGZ,Price level index (World = 100),PX.WL,9080000:ACTUAL HEALTH,9080000,25.7360265476118,..,..,..,..,..,29.1268261667194
Lao PDR,LAO,Price level index (World = 100),PX.WL,9080000:ACTUAL HEALTH,9080000,21.9149447971563,..,..,..,..,..,22.2981083182891
Latin America & Caribbean (ICP),LCB,Price level index (World = 100),PX.WL,9080000:ACTUAL HEALTH,9080000,77.7050438781647,..,..,..,..,..,83.3185380938617
Latvia,LVA,Price level index (World = 100),PX.WL,9080000:ACTUAL HEALTH,9080000,58.7079231093644,..,..,..,..,..,51.2642905278616
Lebanon,LBN,Price level index (World = 100),PX.WL,9080000:ACTUAL HEALTH,9080000,..,..,..,..,..,..,..
Lesotho,LSO,Price level index (World = 100),PX.WL,9080000:ACTUAL HEALTH,9080000,45.2143315763911,..,..,..,..,..,58.7260027730059
Liberia,LBR,Price level index (World = 100),PX.WL,9080000:ACTUAL HEALTH,9080000,38.1443205946834,..,..,..,..,..,39.8189278790261
Libya,LBY,Price level index (World = 100),PX.WL,9080000:ACTUAL HEALTH,9080000,..,..,..,..,..,..,..
Lithuania,LTU,Price level index (World = 100),PX.WL,9080000:ACTUAL HEALTH,9080000,53.5493475152854,..,..,..,..,..,49.1647215294222
Luxembourg,LUX,Price level index (World = 100),PX.WL,9080000:ACTUAL HEALTH,9080000,223.69044073931,..,..,..,..,..,164.275002369942
"Macao SAR, China",MAC,Price level index (World = 100),PX.WL,9080000:ACTUAL HEALTH,9080000,72.7280291849806,..,..,..,..,..,..
Madagascar,MDG,Price level index (World = 100),PX.WL,9080000:ACTUAL HEALTH,9080000,21.7847621208111,..,..,..,..,..,35.814588313505
Malawi,MWI,Price level index (World = 100),PX.WL,9080000:ACTUAL HEALTH,9080000,31.7863953625211,..,..,..,..,..,44.0568390854763
Malaysia,MYS,Price level index (World = 100),PX.WL,9080000:ACTUAL HEALTH,9080000,47.8824901479446,..,..,..,..,..,51.604785541701
Maldives,MDV,Price level index (World = 100),PX.WL,9080000:ACTUAL HEALTH,9080000,40.1137038609657,..,..,..,..,..,49.2792728476379
Mali,MLI,Price level index (World = 100),PX.WL,9080000:ACTUAL HEALTH,9080000,33.9529159538731,..,..,..,..,..,48.9518403853817
Malta,MLT,Price level index (World = 100),PX.WL,9080000:ACTUAL HEALTH,9080000,105.786948989227,..,..,..,..,..,91.8798252921279
Marshall Islands,MHL,Price level index (World = 100),PX.WL,9080000:ACTUAL HEALTH,9080000,..,..,..,..,..,..,..
Mauritania,MRT,Price level index (World = 100),PX.WL,9080000:ACTUAL HEALTH,9080000,35.5665901965221,..,..,..,..,..,42.929107042464
Mauritius,MUS,Price level index (World = 100),PX.WL,9080000:ACTUAL HEALTH,9080000,51.3726180848347,..,..,..,..,..,68.4819158326665
Mexico,MEX,Price level index (World = 100),PX.WL,9080000:ACTUAL HEALTH,9080000,77.3965934692909,..,..,..,..,..,77.4979048385095
"Micronesia, Federated States of",FSM,Price level index (World = 100),PX.WL,9080000:ACTUAL HEALTH,9080000,..,..,..,..,..,..,..
Middle East & North Africa (ICP),MEB,Price level index (World = 100),PX.WL,9080000:ACTUAL HEALTH,9080000,41.976212373386,..,..,..,..,..,48.7926501120495
Moldova,MDA,Price level index (World = 100),PX.WL,9080000:ACTUAL HEALTH,9080000,33.2698166085026,..,..,..,..,..,31.231536732638
Mongolia,MNG,Price level index (World = 100),PX.WL,9080000:ACTUAL HEALTH,9080000,19.1778132759563,..,..,..,..,..,24.9506549801149
Montenegro,MNE,Price level index (World = 100),PX.WL,9080000:ACTUAL HEALTH,9080000,42.5321854601147,..,..,..,..,..,37.6790090309794
Montserrat,MSR,Price level index (World = 100),PX.WL,9080000:ACTUAL HEALTH,9080000,73.8711716923753,..,..,..,..,..,102.06347658687
Morocco,MAR,Price level index (World = 100),PX.WL,9080000:ACTUAL HEALTH,9080000,55.9430515166801,..,..,..,..,..,61.0265168079538
Mozambique,MOZ,Price level index (World = 100),PX.WL,9080000:ACTUAL HEALTH,9080000,54.9898550044687,..,..,..,..,..,43.1778091275392
Myanmar,MMR,Price level index (World = 100),PX.WL,9080000:ACTUAL HEALTH,9080000,17.7412872142131,..,..,..,..,..,22.1754822289492
Namibia,NAM,Price level index (World = 100),PX.WL,9080000:ACTUAL HEALTH,9080000,60.9075559289933,..,..,..,..,..,69.5922894839044
Nauru,NRU,Price level index (World = 100),PX.WL,9080000:ACTUAL HEALTH,9080000,..,..,..,..,..,..,..
Nepal,NPL,Price level index (World = 100),PX.WL,9080000:ACTUAL HEALTH,9080000,20.2081257555499,..,..,..,..,..,22.067538437445
Netherlands,NLD,Price level index (World = 100),PX.WL,9080000:ACTUAL HEALTH,9080000,170.846653355067,..,..,..,..,..,142.839072864997
New Caledonia,NCL,Price level index (World = 100),PX.WL,9080000:ACTUAL HEALTH,9080000,..,..,..,..,..,..,..
New Zealand,NZL,Price level index (World = 100),PX.WL,9080000:ACTUAL HEALTH,9080000,128.830210354473,..,..,..,..,..,118.853048329531
Nicaragua,NIC,Price level index (World = 100),PX.WL,9080000:ACTUAL HEALTH,9080000,39.4023860953024,..,..,..,..,..,33.603508496086
Niger,NER,Price level index (World = 100),PX.WL,9080000:ACTUAL HEALTH,9080000,44.1124240037785,..,..,..,..,..,55.6778300177208
Nigeria,NGA,Price level index (World = 100),PX.WL,9080000:ACTUAL HEALTH,9080000,33.3426003534064,..,..,..,..,..,35.8034878330876
Niue,NIU,Price level index (World = 100),PX.WL,9080000:ACTUAL HEALTH,9080000,..,..,..,..,..,..,..
North America (ICP),NAB,Price level index (World = 100),PX.WL,9080000:ACTUAL HEALTH,9080000,154.177145356934,..,..,..,..,..,176.302855446151
North Macedonia,MKD,Price level index (World = 100),PX.WL,9080000:ACTUAL HEALTH,9080000,35.5427757973021,..,..,..,..,..,31.2555479983582
Northern Mariana Islands,MNP,Price level index (World = 100),PX.WL,9080000:ACTUAL HEALTH,9080000,..,..,..,..,..,..,..
Norway,NOR,Price level index (World = 100),PX.WL,9080000:ACTUAL HEALTH,9080000,252.389926233824,..,..,..,..,..,198.811449565569
Oman,OMN,Price level index (World = 100),PX.WL,9080000:ACTUAL HEALTH,9080000,55.7392645369973,..,..,..,..,..,81.4991782048587
Pakistan,PAK,Price level index (World = 100),PX.WL,9080000:ACTUAL HEALTH,9080000,16.4608992135116,..,..,..,..,..,31.7097433462763
Palau,PLW,Price level index (World = 100),PX.WL,9080000:ACTUAL HEALTH,9080000,..,..,..,..,..,..,..
Panama,PAN,Price level index (World = 100),PX.WL,9080000:ACTUAL HEALTH,9080000,61.5895422278119,..,..,..,..,..,88.7950481985808
Papua New Guinea,PNG,Price level index (World = 100),PX.WL,9080000:ACTUAL HEALTH,9080000,..,..,..,..,..,..,..
Paraguay,PRY,Price level index (World = 100),PX.WL,9080000:ACTUAL HEALTH,9080000,49.8736844573515,..,..,..,..,..,52.8044525138786
Peru,PER,Price level index (World = 100),PX.WL,9080000:ACTUAL HEALTH,9080000,53.9755288391566,..,..,..,..,..,59.4693426000791
Philippines,PHL,Price level index (World = 100),PX.WL,9080000:ACTUAL HEALTH,9080000,45.1871005412555,..,..,..,..,..,47.0696322421044
Poland,POL,Price level index (World = 100),PX.WL,9080000:ACTUAL HEALTH,9080000,52.3433013909037,..,..,..,..,..,48.6210437181572
Portugal,PRT,Price level index (World = 100),PX.WL,9080000:ACTUAL HEALTH,9080000,125.410026129033,..,..,..,..,..,89.4085307106031
Puerto Rico,PRI,Price level index (World = 100),PX.WL,9080000:ACTUAL HEALTH,9080000,..,..,..,..,..,..,..
Qatar,QAT,Price level index (World = 100),PX.WL,9080000:ACTUAL HEALTH,9080000,88.8705872814063,..,..,..,..,..,92.4515419259708
Romania,ROU,Price level index (World = 100),PX.WL,9080000:ACTUAL HEALTH,9080000,35.4298459877982,..,..,..,..,..,32.8813058204707
Russian Federation,RUS,Price level index (World = 100),PX.WL,9080000:ACTUAL HEALTH,9080000,56.5899952327157,..,..,..,..,..,34.9391471693229
Rwanda,RWA,Price level index (World = 100),PX.WL,9080000:ACTUAL HEALTH,9080000,39.8090696319842,..,..,..,..,..,45.2714654446065
Samoa,WSM,Price level index (World = 100),PX.WL,9080000:ACTUAL HEALTH,9080000,..,..,..,..,..,..,..
San Marino,SMR,Price level index (World = 100),PX.WL,9080000:ACTUAL HEALTH,9080000,..,..,..,..,..,..,..
S�o Tom� and Principe,STP,Price level index (World = 100),PX.WL,9080000:ACTUAL HEALTH,9080000,32.1508870343652,..,..,..,..,..,38.3321606897707
Saudi Arabia,SAU,Price level index (World = 100),PX.WL,9080000:ACTUAL HEALTH,9080000,50.4011177609879,..,..,..,..,..,67.0496408251535
Senegal,SEN,Price level index (World = 100),PX.WL,9080000:ACTUAL HEALTH,9080000,43.5610000227206,..,..,..,..,..,42.3571278654807
Serbia,SRB,Price level index (World = 100),PX.WL,9080000:ACTUAL HEALTH,9080000,42.6227884440422,..,..,..,..,..,32.9214598382853
Seychelles,SYC,Price level index (World = 100),PX.WL,9080000:ACTUAL HEALTH,9080000,39.1046766632291,..,..,..,..,..,66.337452123187
Sierra Leone,SLE,Price level index (World = 100),PX.WL,9080000:ACTUAL HEALTH,9080000,27.2367868436172,..,..,..,..,..,31.2956853705945
Singapore,SGP,Price level index (World = 100),PX.WL,9080000:ACTUAL HEALTH,9080000,104.208627393205,..,..,..,..,..,136.562896283911
Sint Maarten,SXM,Price level index (World = 100),PX.WL,9080000:ACTUAL HEALTH,9080000,68.1489663738572,..,..,..,..,..,105.381337764857
Slovakia,SVK,Price level index (World = 100),PX.WL,9080000:ACTUAL HEALTH,9080000,55.6412302279879,..,..,..,..,..,56.8900185262799
Slovenia,SVN,Price level index (World = 100),PX.WL,9080000:ACTUAL HEALTH,9080000,103.388711467774,..,..,..,..,..,89.9958975052989
Solomon Islands,SLB,Price level index (World = 100),PX.WL,9080000:ACTUAL HEALTH,9080000,..,..,..,..,..,..,..
Somalia,SOM,Price level index (World = 100),PX.WL,9080000:ACTUAL HEALTH,9080000,..,..,..,..,..,..,..
South Africa,ZAF,Price level index (World = 100),PX.WL,9080000:ACTUAL HEALTH,9080000,71.7612954759729,..,..,..,..,..,71.1061308776167
South Asia (ICP),SAB,Price level index (World = 100),PX.WL,9080000:ACTUAL HEALTH,9080000,17.9915189361991,..,..,..,..,..,25.820020831939
South Sudan,SSD,Price level index (World = 100),PX.WL,9080000:ACTUAL HEALTH,9080000,..,..,..,..,..,..,..
Spain,ESP,Price level index (World = 100),PX.WL,9080000:ACTUAL HEALTH,9080000,140.044517387604,..,..,..,..,..,121.631785055032
Sri Lanka,LKA,Price level index (World = 100),PX.WL,9080000:ACTUAL HEALTH,9080000,22.6442018386225,..,..,..,..,..,19.6541412474656
St. Kitts and Nevis,KNA,Price level index (World = 100),PX.WL,9080000:ACTUAL HEALTH,9080000,67.6215816864948,..,..,..,..,..,78.9986865709314
St. Lucia,LCA,Price level index (World = 100),PX.WL,9080000:ACTUAL HEALTH,9080000,75.4156980317318,..,..,..,..,..,95.5848635641416
St. Vincent and the Grenadines,VCT,Price level index (World = 100),PX.WL,9080000:ACTUAL HEALTH,9080000,56.8506533253606,..,..,..,..,..,72.3838658277906
Sub-Saharan Africa (ICP),SSB,Price level index (World = 100),PX.WL,9080000:ACTUAL HEALTH,9080000,46.8086727918046,..,..,..,..,..,51.1263934576791
Sudan,SDN,Price level index (World = 100),PX.WL,9080000:ACTUAL HEALTH,9080000,21.9325369127757,..,..,..,..,..,17.2804835791546
Suriname,SUR,Price level index (World = 100),PX.WL,9080000:ACTUAL HEALTH,9080000,41.2058798114596,..,..,..,..,..,37.9011887786813
Sweden,SWE,Price level index (World = 100),PX.WL,9080000:ACTUAL HEALTH,9080000,197.979979231976,..,..,..,..,..,189.478644027655
Switzerland,CHE,Price level index (World = 100),PX.WL,9080000:ACTUAL HEALTH,9080000,260.157872640791,..,..,..,..,..,241.547201683065
Syrian Arab Republic,SYR,Price level index (World = 100),PX.WL,9080000:ACTUAL HEALTH,9080000,..,..,..,..,..,..,..
"Taiwan, China",TWN,Price level index (World = 100),PX.WL,9080000:ACTUAL HEALTH,9080000,41.5190987140434,..,..,..,..,..,46.6021654878856
Tajikistan,TJK,Price level index (World = 100),PX.WL,9080000:ACTUAL HEALTH,9080000,20.5138742476481,..,..,..,..,..,28.4578876575901
Tanzania,TZA,Price level index (World = 100),PX.WL,9080000:ACTUAL HEALTH,9080000,19.4020607219086,..,..,..,..,..,31.108490858795
Thailand,THA,Price level index (World = 100),PX.WL,9080000:ACTUAL HEALTH,9080000,35.4700222854019,..,..,..,..,..,43.2948247191338
Timor-Leste,TLS,Price level index (World = 100),PX.WL,9080000:ACTUAL HEALTH,9080000,..,..,..,..,..,..,..
Togo,TGO,Price level index (World = 100),PX.WL,9080000:ACTUAL HEALTH,9080000,41.9439372004966,..,..,..,..,..,48.5756422334806
Tokelau,TKL,Price level index (World = 100),PX.WL,9080000:ACTUAL HEALTH,9080000,..,..,..,..,..,..,..
Tonga,TON,Price level index (World = 100),PX.WL,9080000:ACTUAL HEALTH,9080000,..,..,..,..,..,..,..
Trinidad and Tobago,TTO,Price level index (World = 100),PX.WL,9080000:ACTUAL HEALTH,9080000,70.5969304739548,..,..,..,..,..,96.7872294567653
Tunisia,TUN,Price level index (World = 100),PX.WL,9080000:ACTUAL HEALTH,9080000,43.0933994352343,..,..,..,..,..,42.491599611431
Turkey,TUR,Price level index (World = 100),PX.WL,9080000:ACTUAL HEALTH,9080000,61.4291750061009,..,..,..,..,..,28.6558490041902
Turkmenistan,TKM,Price level index (World = 100),PX.WL,9080000:ACTUAL HEALTH,9080000,..,..,..,..,..,..,..
Turks and Caicos Islands,TCA,Price level index (World = 100),PX.WL,9080000:ACTUAL HEALTH,9080000,122.211877969269,..,..,..,..,..,190.047077495775
Tuvalu,TUV,Price level index (World = 100),PX.WL,9080000:ACTUAL HEALTH,9080000,..,..,..,..,..,..,..
Uganda,UGA,Price level index (World = 100),PX.WL,9080000:ACTUAL HEALTH,9080000,28.3642520317628,..,..,..,..,..,26.8254925336734
Ukraine,UKR,Price level index (World = 100),PX.WL,9080000:ACTUAL HEALTH,9080000,30.9680650370494,..,..,..,..,..,14.3727876682699
United Arab Emirates,ARE,Price level index (World = 100),PX.WL,9080000:ACTUAL HEALTH,9080000,87.5017563953437,..,..,..,..,..,100.383536233431
United Kingdom,GBR,Price level index (World = 100),PX.WL,9080000:ACTUAL HEALTH,9080000,132.904102863697,..,..,..,..,..,136.420247370396
United States,USA,Price level index (World = 100),PX.WL,9080000:ACTUAL HEALTH,9080000,152.526902829055,..,..,..,..,..,179.517111865298
Uruguay,URY,Price level index (World = 100),PX.WL,9080000:ACTUAL HEALTH,9080000,103.672078769676,..,..,..,..,..,124.415660189199
Uzbekistan,UZB,Price level index (World = 100),PX.WL,9080000:ACTUAL HEALTH,9080000,..,..,..,..,..,..,..
Vanuatu,VUT,Price level index (World = 100),PX.WL,9080000:ACTUAL HEALTH,9080000,..,..,..,..,..,..,..
"Venezuela, RB",VEN,Price level index (World = 100),PX.WL,9080000:ACTUAL HEALTH,9080000,75.0420573211499,..,..,..,..,..,..
Vietnam,VNM,Price level index (World = 100),PX.WL,9080000:ACTUAL HEALTH,9080000,17.5805890649007,..,..,..,..,..,31.424481175445
"Virgin Islands, British",VGB,Price level index (World = 100),PX.WL,9080000:ACTUAL HEALTH,9080000,121.618515317984,..,..,..,..,..,172.610120211846
Wallis and Futuna,WLF,Price level index (World = 100),PX.WL,9080000:ACTUAL HEALTH,9080000,..,..,..,..,..,..,..
West Bank and Gaza,PSE,Price level index (World = 100),PX.WL,9080000:ACTUAL HEALTH,9080000,57.2759960731228,..,..,..,..,..,62.5798584173367
WORLD,WLD,Price level index (World = 100),PX.WL,9080000:ACTUAL HEALTH,9080000,100,..,..,..,..,..,100
Yemen,YEM,Price level index (World = 100),PX.WL,9080000:ACTUAL HEALTH,9080000,31.268797831532,..,..,..,..,..,..
Zambia,ZMB,Price level index (World = 100),PX.WL,9080000:ACTUAL HEALTH,9080000,32.0184781392721,..,..,..,..,..,37.4152906625434
Zimbabwe,ZWE,Price level index (World = 100),PX.WL,9080000:ACTUAL HEALTH,9080000,40.7705244317152,..,..,..,..,..,47.5352666918335
,,,,,,,,,,,,
,,,,,,,,,,,,
,,,,,,,,,,,,
Data from database: ICP 2017,,,,,,,,,,,,
Last Updated: 10/21/2020,,,,,,,,,,,,
